# id,ip_src,rtp_ssrc,rtp_p_type_list,clock_estimation,ip_len,pkts,duration,filename
0,192.168.0.13,01000402,112,32000,819511,3748,108.57992887496948,aloha.pcap.network-time.ip_src_192.168.0.13.rtp_ssrc_01000402.csv
1,193.123.30.185,01000802,112 110,31998,311600,1616,106.0860321521759,aloha.pcap.network-time.ip_src_193.123.30.185.rtp_ssrc_01000802.csv
